pi_time,angle,velocity,acceleration,current
0.058962345123291016,0.0590975284576416,-0.7879377431906622,0.012210012210012167,-0.20708152269861171,0.04835164835164818
